"place","pop2023","growthRate","area","country","cca3","cca2","ccn3","region","subregion","unMember","officialName","landAreaKm","density","densityMi","borders","Rank","ipAddressByCountry_ianaRegion","ipAddressByCountry_ipv4Allocated","ipAddressByCountry_ipv6Assigned","ipAddressByCountry_code","ipAddressByCountry_ipv4Per1k2012","ipAddressByCountry_ipv4Perc","ipAddressByCountry_ipv6Notes"
356,1428627663,0.00808,3287590,"India","IND","IN",356,"Asia","Southern Asia, South Central Asia",true,"Republic of India",2973190,480.5033,1244.5036,"AFG, BGD, BTN, MMR, CHN, NPL, PAK, LKA",1,"APNIC",34685952,6557,"IN",28,0.8,"Includes 505 from RIPE NCC"
156,1425671352,-0.00015,9706961,"China","CHN","CN",156,"Asia","Eastern Asia",true,"People's Republic of China",9424702.9,151.2696,391.7884,"AFG, BTN, MMR, HKG, IND, KAZ, PRK, KGZ, LAO, MAC, MNG, PAK, RUS, TJK, VNM",2,"APNIC",330321408,60089,"CN",245,7.7,"Includes 56 from RIPE NCC"
840,339996563,0.00505,9372610,"United States","USA","US",840,"North America","Northern America",true,"United States of America",9147420,37.1686,96.2666,"CAN, MEX",3,"ARIN",1541605760,71810,"US",4911,35.9,"Includes 2,752 from RIPE NCC, 336 from APNIC, and 9 from LACNIC"
360,277534122,0.00738,1904569,"Indonesia","IDN","ID",360,"Asia","South-Eastern Asia",true,"Republic of Indonesia",1877519,147.8196,382.8528,"TLS, MYS, PNG",4,"APNIC",17360640,749,"ID",69,0.4
586,240485658,0.01976,881912,"Pakistan","PAK","PK",586,"Asia","Southern Asia, South Central Asia",true,"Islamic Republic of Pakistan",770880,311.9625,807.9829,"AFG, CHN, IND, IRN",5,"APNIC",5179904,155,"PK",27.2,0.1
566,223804632,0.02408,923768,"Nigeria","NGA","NG",566,"Africa","Western Africa, Sub-Saharan Africa",true,"Federal Republic of Nigeria",910770,245.7312,636.4439,"BEN, CMR, TCD, NER",6,"AFRINIC",1005312,97,"NG",5.9,"Includes 8 from RIPE NCC"
76,216422446,0.00515,8515767,"Brazil","BRA","BR",76,"South America","South America, Latin America",true,"Federative Republic of Brazil",8358140,25.8936,67.0645,"ARG, BOL, COL, GUF, GUY, PRY, PER, SUR, URY, VEN",7,"LACNIC",48572160,8286,"BR",236,1.1,"Includes 16 from ARIN and 8 from RIPE NCC"
50,172954319,0.01033,147570,"Bangladesh","BGD","BD",50,"Asia","Southern Asia, South Central Asia",true,"People's Republic of Bangladesh",130170,1328.6803,3441.2821,"MMR, IND",8,"APNIC",924160,675,"BD",5.7,"Includes 8 from RIPE NCC"
643,144444359,-0.00186,17098242,"Russia","RUS","RU",643,"Europe","Eastern Europe",true,"Russian Federation",16376870,8.82,22.8439,"AZE, BLR, CHN, EST, FIN, GEO, KAZ, PRK, LVA, LTU, MNG, NOR, POL, UKR",9,"RIPE NCC",42762784,17031,"RU",309,1
484,128455567,0.00746,1964375,"Mexico","MEX","MX",484,"North America","Central America, Latin America",true,"United Mexican States",1943950,66.0797,171.1463,"BLZ, GTM, USA",10,"LACNIC",25862912,602,"MX",224,0.6,"Includes 1 from ARIN"
231,126527060,0.02551,1104300,"Ethiopia","ETH","ET",231,"Africa","Eastern Africa, Sub-Saharan Africa",true,"Federal Democratic Republic of Ethiopia",1128571.3,112.1126,290.3716,"DJI, ERI, KEN, SOM, SSD, SDN",11,"AFRINIC",32768,2,"ET",0.4
392,123294513,-0.0053,377930,"Japan","JPN","JP",392,"Asia","Eastern Asia",true,"Japan",364500,338.2566,876.0845,"",12,"APNIC",202183168,10134,"JP",1587,4.7,"Includes 32 from RIPE NCC"
608,117337368,0.01539,342353,"Philippines","PHL","PH",608,"Asia","South-Eastern Asia",true,"Republic of the Philippines",298170,393.5251,1019.2299,"",13,"APNIC",5404672,151,"PH",52.1,0.1
818,112716598,0.01556,1002450,"Egypt","EGY","EG",818,"Africa","Northern Africa, The Middle East",true,"Arab Republic of Egypt",995450,113.2318,293.2704,"ISR, LBY, SDN",14,"AFRINIC",8454144,4123,"EG",101,0.2
180,102262808,0.03285,2344858,"DR Congo","COD","CD",180,"Africa","Middle Africa, Sub-Saharan Africa",true,"Democratic Republic of the Congo",2267050,45.1083,116.8305,"AGO, BDI, CAF, COG, RWA, SSD, TZA, UGA, ZMB",15,"AFRINIC",21248,28,"CD",0.3
704,98858950,0.00685,331212,"Vietnam","VNM","VN",704,"Asia","South-Eastern Asia",true,"Socialist Republic of Vietnam",313429,315.411,816.9145,"KHM, CHN, LAO",16,"APNIC",15530496,249,"VN",169,0.4,"Includes 16 from RIPE NCC"
364,89172767,0.00703,1648195,"Iran","IRN","IR",364,"Asia","Southern Asia, The Middle East",true,"Islamic Republic of Iran",1622500,54.9601,142.3467,"AFG, ARM, AZE, IRQ, PAK, TUR, TKM",17,"RIPE NCC",5260800,2803,"IR",66.7,0.1
792,85816199,0.00557,783562,"Turkey","TUR","TR",792,"Asia","Western Asia, The Middle East",true,"Republic of Turkey",783562,109.5206,283.6584,"ARM, AZE, BGR, GEO, GRC, IRN, IRQ, SYR",18,"RIPE NCC",15393728,3481,"TR",193,0.4,"Includes 1 from APNIC"
276,83294633,-0.0009,357114,"Germany","DEU","DE",276,"Europe","Western Europe",true,"Federal Republic of Germany",349390,238.4002,617.4564,"AUT, BEL, CZE, DNK, FRA, LUX, NLD, POL, CHE",19,"RIPE NCC",118132104,23353,"DE",1452,2.8,"Includes 2 from APNIC"
764,71801279,0.00145,513120,"Thailand","THA","TH",764,"Asia","South-Eastern Asia",true,"Kingdom of Thailand",510890,140.5416,364.0026,"MMR, KHM, LAO, MYS",20,"APNIC",8547840,129,"TH",127,0.2,"Includes 8 from RIPE NCC"
826,67736802,0.00338,242900,"United Kingdom","GBR","GB",826,"Europe","Northern Europe",true,"United Kingdom of Great Britain and Northern Ireland",241930,279.9851,725.1615,"IRL",21,"RIPE NCC",123500144,22651,"GB",1958,2.9,"Includes 13 from APNIC"
834,67438106,0.02963,945087,"Tanzania","TZA","TZ",834,"Africa","Eastern Africa, Sub-Saharan Africa",true,"United Republic of Tanzania",885800,76.1324,197.183,"BDI, COD, KEN, MWI, MOZ, RWA, UGA, ZMB",22,"AFRINIC",339712,37,"TZ",7.8
250,64756584,0.00201,551695,"France","FRA","FR",250,"Europe","Western Europe",true,"French Republic",547557,118.2646,306.3052,"AND, BEL, DEU, ITA, LUX, MCO, ESP, CHE",23,"RIPE NCC",95078032,14726,"FR",1448,2.2
710,60414495,0.00869,1221037,"South Africa","ZAF","ZA",710,"Africa","Southern Africa, Sub-Saharan Africa",true,"Republic of South Africa",1213090,49.8022,128.9876,"BWA, LSO, MOZ, NAM, SWZ, ZWE",24,"AFRINIC",20386560,4876,"ZA",417,0.5,"Includes 19 from RIPE NCC"
380,58870762,-0.00282,301336,"Italy","ITA","IT",380,"Europe","Southern Europe",true,"Italian Republic",295717,199.078,515.6121,"AUT, FRA, SMR, SVN, CHE, VAT",25,"RIPE NCC",50999712,10099,"IT",832,1.2,"Includes 1 from APNIC and 0.06 from ARIN"
404,55100586,0.01986,580367,"Kenya","KEN","KE",404,"Africa","Eastern Africa, Sub-Saharan Africa",true,"Republic of Kenya",569140,96.8138,250.7477,"ETH, SOM, SSD, TZA, UGA",26,"AFRINIC",1655040,86,"KE",38.5,"Includes 24 from RIPE NCC"
104,54577997,0.00736,676578,"Myanmar","MMR","MM",104,"Asia","South-Eastern Asia",true,"Republic of the Union of Myanmar",652670,83.6227,216.5827,"BGD, CHN, IND, LAO, THA",27,"APNIC",25600,58,"MM",0.5
170,52085168,0.00407,1141748,"Colombia","COL","CO",170,"South America","South America, Latin America",true,"Republic of Colombia",1109500,46.9447,121.5868,"BRA, ECU, PAN, PER, VEN",28,"LACNIC",8834816,249,"CO",195,0.2
410,51784059,-0.00061,100210,"South Korea","KOR","KR",410,"Asia","Eastern Asia",true,"Republic of Korea",97600,530.5744,1374.1876,"PRK",29,"APNIC",112239104,5266,"KR",2297,2.6
800,48582334,0.02821,241550,"Uganda","UGA","UG",800,"Africa","Eastern Africa, Sub-Saharan Africa",true,"Republic of Uganda",200520,242.2817,627.5097,"COD, KEN, RWA, SSD, TZA",30,"AFRINIC",208640,19,"UG",5.8
729,48109006,0.02634,1886068,"Sudan","SDN","SD",729,"Africa","Northern Africa",true,"Republic of the Sudan",1868000,25.7543,66.7036,"CAF, TCD, EGY, ERI, ETH, LBY, SSD",31,"AFRINIC",283904,15,"SD",6.3
724,47519628,-0.00082,505992,"Spain","ESP","ES",724,"Europe","Southern Europe",true,"Kingdom of Spain",499556.6,95.1236,246.3702,"AND, FRA, GIB, PRT, MAR",32,"RIPE NCC",28421760,6074,"ES",604,0.7
32,45773884,0.00579,2780400,"Argentina","ARG","AR",32,"South America","South America, Latin America",true,"Argentine Republic",2736690,16.726,43.3203,"BOL, BRA, CHL, PRY, URY",33,"LACNIC",14547968,5359,"AR",344,0.3
12,45606480,0.01566,2381741,"Algeria","DZA","DZ",12,"Africa","Northern Africa",true,"People's Democratic Republic of Algeria",2381741,19.1484,49.5943,"TUN, LBY, NER, ESH, MRT, MLI, MAR",34,"AFRINIC",2616832,6,"DZ",73.9,0.1
368,45504560,0.02266,438317,"Iraq","IRQ","IQ",368,"Asia","Western Asia, The Middle East",true,"Republic of Iraq",434128,104.8183,271.4794,"IRN, JOR, KWT, SAU, SYR, TUR",35,"RIPE NCC",243712,775,"IQ",7.8
4,42239854,0.02702,652230,"Afghanistan","AFG","AF",4,"Asia","South Central Asia, Southern Asia",true,"Islamic Republic of Afghanistan",652230,64.7622,167.7341,"IRN, PAK, TKM, UZB, TJK, CHN",36,"APNIC",103744,25,"AF",3.4
616,41026067,0.02933,312679,"Poland","POL","PL",616,"Europe","Eastern Europe",true,"Republic of Poland",306130,134.0152,347.0993,"BLR, CZE, DEU, LTU, RUS, SVK, UKR",37,"RIPE NCC",19433192,5974,"PL",505,0.5
124,38781291,0.0085,9984670,"Canada","CAN","CA",124,"North America","Northern America",true,"Canada",8965590,4.3256,11.2032,"USA",38,"ARIN",79989760,1064,"CA",2332,1.9,"Includes 141 from RIPE NCC, 3 from APNIC, and 1 from AFRINIC"
504,37840044,0.0102,446550,"Morocco","MAR","MA",504,"Africa","Northern Africa",true,"Kingdom of Morocco",446300,84.7861,219.596,"DZA, ESH, ESP",39,"AFRINIC",3457792,13,"MA",107,0.1
682,36947025,0.01478,2149690,"Saudi Arabia","SAU","SA",682,"Asia","Western Asia, The Middle East",true,"Kingdom of Saudi Arabia",2149690,17.1871,44.5147,"IRQ, JOR, KWT, OMN, QAT, ARE, YEM",40,"RIPE NCC",5504256,429,"SA",207.4,0.1
804,36744634,-0.07448,603500,"Ukraine","UKR","UA",804,"Europe","Eastern Europe",true,"Ukraine",579400,63.4184,164.2537,"BLR, HUN, MDA, POL, ROU, RUS, SVK",41,"RIPE NCC",11242816,2783,"UA",250,0.3
24,36684202,0.03077,1246700,"Angola","AGO","AO",24,"Africa","Middle Africa, Sub-Saharan Africa",true,"Republic of Angola",1246700,29.425,76.2109,"COG, COD, ZMB, NAM",42,"AFRINIC",311808,29,"AO",17.3,"Includes 8 from RIPE NCC"
860,35163944,0.01549,447400,"Uzbekistan","UZB","UZ",860,"Asia","Central Asia, South Central Asia",true,"Republic of Uzbekistan",440650,79.8002,206.6824,"AFG, KAZ, KGZ, TJK, TKM",43,"RIPE NCC",231424,178,"UZ",8.2
887,34449825,0.02235,527968,"Yemen","YEM","YE",887,"Asia","Western Asia, The Middle East",true,"Republic of Yemen",527970,65.2496,168.9964,"OMN, SAU",44,"RIPE NCC",51200,48,"YE",2.1
604,34352719,0.0089,1285216,"Peru","PER","PE",604,"South America","South America, Latin America",true,"Republic of Peru",1280000,26.8381,69.5106,"BOL, BRA, CHL, COL, ECU",45,"LACNIC",2437120,125,"PE",82.5,0.1
458,34308525,0.01091,330803,"Malaysia","MYS","MY",458,"Asia","South-Eastern Asia",true,"Malaysia",328550,104.4241,270.4583,"BRN, IDN, THA",46,"APNIC",6322432,159,"MY",216.7,0.1
288,34121985,0.0193,238533,"Ghana","GHA","GH",288,"Africa","Western Africa, Sub-Saharan Africa",true,"Republic of Ghana",227533,149.965,388.4093,"BFA, CIV, TGO",47,"AFRINIC",332544,30,"GH",13.2
508,33897354,0.02814,801590,"Mozambique","MOZ","MZ",508,"Africa","Eastern Africa, Sub-Saharan Africa",true,"Republic of Mozambique",786380,43.1056,111.6434,"MWI, ZAF, SWZ, TZA, ZMB, ZWE",48,"AFRINIC",343296,11,"MZ",14.6
524,30896590,0.01143,147181,"Nepal","NPL","NP",524,"Asia","Southern Asia, South Central Asia",true,"Federal Democratic Republic of Nepal",143350,215.5325,558.2293,"CHN, IND",49,"APNIC",475904,77,"NP",15.9
450,30325732,0.02411,587041,"Madagascar","MDG","MG",450,"Africa","Eastern Africa, Sub-Saharan Africa",true,"Republic of Madagascar",581800,52.124,135.0011,"",50,"AFRINIC",62208,4,"MG",2.8
384,28873034,0.0253,322463,"Ivory Coast","CIV","CI",384,"Africa","Western Africa, Sub-Saharan Africa",true,"Republic of Côte d'Ivoire",318000,90.7957,235.1609,"BFA, GHA, GIN, LBR, MLI",51,"AFRINIC",133632,42,"CI",6.1
862,28838499,0.01897,916445,"Venezuela","VEN","VE",862,"South America","South America, Latin America",true,"Bolivarian Republic of Venezuela",882050,32.6949,84.6797,"BRA, COL, GUY",52,"LACNIC",5045248,411,"VE",179.9,0.1
120,28647293,0.02625,475442,"Cameroon","CMR","CM",120,"Africa","Middle Africa, Sub-Saharan Africa",true,"Republic of Cameroon",472710,60.6023,156.9598,"CAF, TCD, COG, GNQ, GAB, NGA",53,"AFRINIC",137728,12,"CM",6.8
562,27202843,0.03796,1267000,"Niger","NER","NE",562,"Africa","Western Africa, Sub-Saharan Africa",true,"Republic of Niger",1266700,21.4754,55.6212,"DZA, BEN, BFA, TCD, LBY, MLI, NGA",54,"AFRINIC",20480,4,"NE",1.2
36,26439111,0.01,7692024,"Australia","AUS","AU",36,"Oceania","Australia and New Zealand",true,"Commonwealth of Australia",7692020,3.4372,8.9024,"",55,"APNIC",47573248,9481,"AU",2160,1.1,"Includes 90 from RIPE NCC"
408,26160821,0.00351,120538,"North Korea","PRK","KP",408,"Asia","Eastern Asia",true,"Democratic People's Republic of Korea",120410,217.2645,562.7151,"CHN, KOR, RUS",56,"APNIC",1024,"KP"
158,23923276,0.00125,36193,"Taiwan","TWN","TW",158,"Asia","Eastern Asia",false,"Republic of China",36197,660.9188,1711.7796,"",57,"APNIC",35383040,2581,"TW",1530,0.8,"Includes 8 from RIPE NCC"
466,23293698,0.03099,1240192,"Mali","MLI","ML",466,"Africa","Western Africa, Sub-Saharan Africa",true,"Republic of Mali",1220190,19.0902,49.4437,"DZA, BFA, GIN, CIV, MRT, NER, SEN",58,"AFRINIC",36864,4,"ML",2.5
854,23251485,0.02548,272967,"Burkina Faso","BFA","BF",854,"Africa","Western Africa, Sub-Saharan Africa",true,"Burkina Faso",273600,84.9835,220.1073,"BEN, CIV, GHA, MLI, NER, TGO",59,"AFRINIC",32512,12,"BF",1.9
760,23227014,0.0498,185180,"Syria","SYR","SY",760,"Asia","Western Asia, The Middle East",true,"Syrian Arab Republic",183630,126.4881,327.6042,"IRQ, ISR, JOR, LBN, TUR",60,"RIPE NCC",824320,140,"SY",36.6
144,21893579,0.00281,65610,"Sri Lanka","LKA","LK",144,"Asia","Southern Asia, South Central Asia",true,"Democratic Socialist Republic of Sri Lanka",61860,353.9214,916.6565,"IND",61,"APNIC",534272,15,"LK",24.9
454,20931751,0.0258,118484,"Malawi","MWI","MW",454,"Africa","Eastern Africa, Sub-Saharan Africa",true,"Republic of Malawi",94280,222.0169,575.0237,"MOZ, TZA, ZMB",62,"AFRINIC",79616,269,"MW",4.9
894,20569737,0.02758,752612,"Zambia","ZMB","ZM",894,"Africa","Eastern Africa, Sub-Saharan Africa",true,"Republic of Zambia",743390,27.6702,71.6658,"AGO, BWA, COD, MWI, MOZ, NAM, TZA, ZWE",63,"AFRINIC",162816,9,"ZM",11.4
642,19892812,0.01188,238391,"Romania","ROU","RO",642,"Europe","Eastern Europe",true,"Romania",230080,86.4604,223.9325,"BGR, HUN, MDA, SRB, UKR",64,"RIPE NCC",12718592,1348,"RO",582,0.3,"Includes 1 from APNIC"
152,19629590,0.00132,756102,"Chile","CHL","CL",152,"South America","South America, Latin America",true,"Republic of Chile",743532,26.4005,68.3772,"ARG, BOL, PER",65,"LACNIC",7390464,245,"CL",433,0.2
398,19606633,0.01076,2724900,"Kazakhstan","KAZ","KZ",398,"Asia","Central Asia",true,"Republic of Kazakhstan",2699700,7.2625,18.8099,"CHN, KGZ, RUS, TKM, UZB",66,"RIPE NCC",2514944,308,"KZ",143.5,0.1
148,18278568,0.03133,1284000,"Chad","TCD","TD",148,"Africa","Middle Africa, Sub-Saharan Africa",true,"Republic of Chad",1259200,14.516,37.5965,"CMR, CAF, LBY, NER, NGA, SSD",67,"AFRINIC",4096,3,"TD",0.4
218,18190484,0.01053,276841,"Ecuador","ECU","EC",218,"South America","South America, Latin America",true,"Republic of Ecuador",248360,73.2424,189.6978,"COL, PER",68,"LACNIC",1857280,191,"EC",122
706,18143378,0.03102,637657,"Somalia","SOM","SO",706,"Africa","Eastern Africa, Sub-Saharan Africa",true,"Federal Republic of Somalia",627340,28.9211,74.9057,"DJI, ETH, KEN",69,"AFRINIC",10240,10,"SO",1
320,18092026,0.01391,108889,"Guatemala","GTM","GT",320,"North America","Central America, Latin America",true,"Republic of Guatemala",107160,168.8319,437.2746,"BLZ, SLV, HND, MEX",70,"LACNIC",552192,55,"GT",39.2
686,17763163,0.0258,196722,"Senegal","SEN","SN",686,"Africa","Western Africa, Sub-Saharan Africa",true,"Republic of Senegal",192530,92.2618,238.958,"GMB, GIN, GNB, MLI, MRT",71,"AFRINIC",293248,5,"SN",22.6
528,17618299,0.00309,41850,"Netherlands","NLD","NL",528,"Europe","Western Europe",true,"Netherlands",33670,523.264,1355.2538,"BEL, DEU",72,"RIPE NCC",46379784,12612,"NL",2772,1.1,"Includes 5 from APNIC"
116,16944826,0.01056,181035,"Cambodia","KHM","KH",116,"Asia","South-Eastern Asia",true,"Kingdom of Cambodia",176520,95.9938,248.6239,"LAO, THA, VNM",73,"APNIC",225536,64,"KH",15.1
716,16665409,0.02113,390757,"Zimbabwe","ZWE","ZW",716,"Africa","Eastern Africa, Sub-Saharan Africa",true,"Republic of Zimbabwe",386850,43.0798,111.5766,"BWA, MOZ, ZAF, ZMB",74,"AFRINIC",86016,12,"ZW","6.8,","undefined"
324,14190612,0.0239,245857,"Guinea","GIN","GN",324,"Africa","Western Africa, Sub-Saharan Africa",true,"Republic of Guinea",245720,57.7511,149.5755,"CIV, GNB, LBR, MLI, SEN, SLE",75,"AFRINIC",4096,8,"GN",0.4
646,14094683,0.02308,26338,"Rwanda","RWA","RW",646,"Africa","Eastern Africa, Sub-Saharan Africa",true,"Republic of Rwanda",24670,571.3289,1479.7417,"BDI, COD, TZA, UGA",76,"AFRINIC",195840,7,"RW",16.8
204,13712828,0.02696,112622,"Benin","BEN","BJ",204,"Africa","Western Africa, Sub-Saharan Africa",true,"Republic of Benin",112760,121.6107,314.9718,"BFA, NER, NGA, TGO",77,"AFRINIC",39936,11,"BJ",4.2
108,13238559,0.02708,27834,"Burundi","BDI","BI",108,"Africa","Eastern Africa, Sub-Saharan Africa",true,"Republic of Burundi",25680,515.5202,1335.1973,"COD, RWA, TZA",78,"AFRINIC",5376,6,"BI",0.5
788,12458223,0.00826,163610,"Tunisia","TUN","TN",788,"Africa","Northern Africa",true,"Tunisian Republic",155360,80.1894,207.6905,"DZA, LBY",79,"AFRINIC",2729216,24,"TN",254.3,0.1
68,12388571,0.01345,1098581,"Bolivia","BOL","BO",68,"South America","South America, Latin America",true,"Plurinational State of Bolivia",1083300,11.436,29.6191,"ARG, BRA, CHL, PRY, PER",80,"LACNIC",561920,28,"BO",54.6
332,11724763,0.01206,27750,"Haiti","HTI","HT",332,"North America","Caribbean",true,"Republic of Haiti",27560,425.4268,1101.8554,"DOM",81,"LACNIC",124160,5,"HT",12.7
56,11686140,0.00259,30528,"Belgium","BEL","BE",56,"Europe","Western Europe",true,"Kingdom of Belgium",30280,385.9359,999.5741,"FRA, DEU, LUX, NLD",82,"RIPE NCC",11148992,1606,"BE",1068,0.3
400,11337052,0.00454,89342,"Jordan","JOR","JO",400,"Asia","Western Asia, The Middle East",true,"Hashemite Kingdom of Jordan",88794,127.6781,330.6864,"IRQ, ISR, SAU, SYR",83,"RIPE NCC",663936,173,"JO",102
214,11332972,0.00928,48671,"Dominican Republic","DOM","DO",214,"North America","Caribbean",true,"Dominican Republic",48310,234.5885,607.5843,"HTI",84,"LACNIC",857600,107,"DO",85
192,11194449,-0.00158,109884,"Cuba","CUB","CU",192,"North America","Caribbean",true,"Republic of Cuba",103800,107.8463,279.322,"",85,"LACNIC",113664,6,"CU",10.3
728,11088796,0.01609,619745,"South Sudan","SSD","SS",728,"Africa","Middle Africa, Sub-Saharan Africa",true,"Republic of South Sudan",631930,17.5475,45.448,"CAF, COD, ETH, KEN, SDN, UGA",86,"AFRINIC",4,"SS"
752,10612086,0.00595,450295,"Sweden","SWE","SE",752,"Europe","Northern Europe",true,"Kingdom of Sweden",407283.5,26.0558,67.4844,"FIN, NOR",87,"RIPE NCC",30373544,6869,"SE",3336,0.7,"Includes 2 from APNIC"
340,10593798,0.01543,112492,"Honduras","HND","HN",340,"North America","Central America, Latin America",true,"Republic of Honduras",111890,94.6805,245.2224,"GTM, SLV, NIC",88,"LACNIC",143616,84,"HN",17.3
203,10495295,0.00013,78865,"Czech Republic","CZE","CZ",203,"Europe","Eastern Europe",true,"Czech Republic",77198.5,135.9521,352.1158,"AUT, DEU, POL, SVK",89,"RIPE NCC",8044160,2930,"CZ",790.4,0.2,"Includes 1 from ARIN"
31,10412651,0.00527,86600,"Azerbaijan","AZE","AZ",31,"Asia","Western Asia",true,"Republic of Azerbaijan",82646,125.991,326.3167,"ARM, GEO, IRN, RUS, TUR",90,"RIPE NCC",517120,286,"AZ",54.5
300,10341277,-0.00421,131990,"Greece","GRC","GR",300,"Europe","Southern Europe",true,"Hellenic Republic",128900,80.2271,207.7883,"ALB, BGR, TUR, MKD",91,"RIPE NCC",5549568,440,"GR",515.4,0.1
598,10329931,0.01847,462840,"Papua New Guinea","PNG","PG",598,"Oceania","Melanesia",true,"Independent State of Papua New Guinea",452860,22.8104,59.079,"IDN",92,"APNIC",49920,13,"PG",7.9
620,10247605,-0.00227,92090,"Portugal","PRT","PT",620,"Europe","Southern Europe",true,"Portuguese Republic",91605.6,111.8666,289.7344,"ESP",93,"RIPE NCC",5833504,574,"PT",541.1,0.1
348,10156239,0.01896,93028,"Hungary","HUN","HU",348,"Europe","Eastern Europe",true,"Hungary",91260,111.2891,288.2386,"AUT, HRV, ROU, SRB, SVK, SVN, UKR",94,"RIPE NCC",5485568,681,"HU",550.9,0.1
762,10143543,0.01917,143100,"Tajikistan","TJK","TJ",762,"Asia","Central Asia, South Central Asia",true,"Republic of Tajikistan",138790,73.0855,189.2916,"AFG, CHN, KGZ, UZB",95,"RIPE NCC",67328,67,"TJ",8.7
784,9516871,0.00802,83600,"United Arab Emirates","ARE","AE",784,"Asia","Western Asia, The Middle East",true,"United Arab Emirates",71020,134.0027,347.067,"OMN, SAU",96,"RIPE NCC",2838400,779,"AE",534.1,0.1
112,9498238,-0.00385,207600,"Belarus","BLR","BY",112,"Europe","Eastern Europe",true,"Republic of Belarus",202980,46.794,121.1964,"LVA, LTU, POL, RUS, UKR",97,"RIPE NCC",1776640,152,"BY",186.2
376,9174520,0.01507,20770,"Israel","ISR","IL",376,"Asia","Western Asia, The Middle East",true,"State of Israel",21640,423.9612,1098.0595,"EGY, JOR, LBN, SYR",98,"RIPE NCC",7573824,835,"IL",997.8,0.2,"Includes 1 from APNIC"
768,9053799,0.02318,56785,"Togo","TGO","TG",768,"Africa","Western Africa, Sub-Saharan Africa",true,"Togolese Republic",54390,166.4607,431.1333,"BEN, BFA, GHA",99,"AFRINIC",13312,4,"TG",1.9
40,8958960,0.00216,83871,"Austria","AUT","AT",40,"Europe","Western Europe",true,"Republic of Austria",82520,108.5671,281.1889,"CZE, DEU, HUN, ITA, LIE, SVK, SVN, CHE",100,"RIPE NCC",11312096,2289,"AT",1376,0.3
756,8796669,0.00643,41284,"Switzerland","CHE","CH",756,"Europe","Western Europe",true,"Swiss Confederation",39516,222.6103,576.5607,"AUT, FRA, ITA, LIE, DEU",101,"RIPE NCC",20872696,3727,"CH",2726,0.5,"Includes 1 from APNIC"
694,8791092,0.02154,71740,"Sierra Leone","SLE","SL",694,"Africa","Western Africa, Sub-Saharan Africa",true,"Republic of Sierra Leone",72180,121.794,315.4465,"GIN, LBR",102,"AFRINIC",17920,4,"SL",3.3
418,7633779,0.01385,236800,"Laos","LAO","LA",418,"Asia","South-Eastern Asia",true,"Lao People's Democratic Republic",230800,33.0753,85.665,"MMR, KHM, CHN, THA, VNM",103,"APNIC",54784,14,"LA",8.3
344,7491609,0.00037,1104,"Hong Kong","HKG","HK",344,"Asia","Eastern Asia",false,"Hong Kong Special Administrative Region of the People's Republic of China",1050,7134.8657,18479.3022,"CHN",104,"APNIC",11777024,1083,"HK",1646,0.3,"Includes 611 from RIPE NCC"
688,7149077,-0.01001,88361,"Serbia","SRB","RS",688,"Europe","Southern Europe",true,"Republic of Serbia",87460,81.7411,211.7095,"BIH, BGR, HRV, HUN, KOS, MKD, MNE, ROU",105,"RIPE NCC",2022144,373,"RS",277.9
558,7046310,0.01409,130373,"Nicaragua","NIC","NI",558,"North America","Central America, Latin America",true,"Republic of Nicaragua",120340,58.5533,151.6532,"CRI, HND",106,"LACNIC",369408,20,"NI",64.5
434,6888388,0.01116,1759540,"Libya","LBY","LY",434,"Africa","Northern Africa",true,"State of Libya",1759540,3.9149,10.1395,"DZA, TCD, EGY, NER, SDN, TUN",107,"AFRINIC",299008,12,"LY",44.4,"Includes 8 from RIPE NCC"
600,6861524,0.01191,406752,"Paraguay","PRY","PY",600,"South America","South America, Latin America",true,"Republic of Paraguay",397300,17.2704,44.7303,"ARG, BOL, BRA",108,"LACNIC",365312,74,"PY",55.8
417,6735347,0.01579,199951,"Kyrgyzstan","KGZ","KG",417,"Asia","Central Asia, South Central Asia",true,"Kyrgyz Republic",191800,35.1165,90.9518,"CHN, KAZ, TJK, UZB",109,"RIPE NCC",231168,82,"KG",42.1
100,6687717,-0.0139,110879,"Bulgaria","BGR","BG",100,"Europe","Eastern Europe",true,"Republic of Bulgaria",108560,61.6039,159.554,"GRC, MKD, ROU, SRB, TUR",110,"RIPE NCC",4374032,1060,"BG",621.5,0.1
795,6516100,0.01327,488100,"Turkmenistan","TKM","TM",795,"Asia","Central Asia, South Central Asia",true,"Turkmenistan",469930,13.8661,35.9132,"AFG, IRN, KAZ, UZB",111,"RIPE NCC",8704,8,"TM",1.7
222,6364943,0.00451,21041,"El Salvador","SLV","SV",222,"North America","Central America, Latin America",true,"Republic of El Salvador",20720,307.1884,795.6179,"GTM, HND",112,"LACNIC",575744,40,"SV",94.5
178,6106869,0.02285,342000,"Republic of the Congo","COG","CG",178,"Africa","Middle Africa, Sub-Saharan Africa",true,"Republic of the Congo",341500,17.8825,46.3156,"AGO, CMR, CAF, COD, GAB",113,"AFRINIC",12288,7,"CG",2.8
702,6014723,0.00653,710,"Singapore","SGP","SG",702,"Asia","South-Eastern Asia",true,"Republic of Singapore",718,8377.0515,21696.5635,"",114,"APNIC",5719552,1597,"SG",1068.4,0.1,"Includes 32 from RIPE NCC"
208,5910913,0.00487,43094,"Denmark","DNK","DK",208,"Europe","Northern Europe",true,"Kingdom of Denmark",40000,147.7728,382.7316,"DEU",115,"RIPE NCC",12280304,1581,"DK",2215,0.3,"Includes 1 from APNIC"
703,5795199,0.02689,49037,"Slovakia","SVK","SK",703,"Europe","Eastern Europe",true,"Slovak Republic",49035,118.1849,306.099,"AUT, CZE, HUN, POL, UKR",116,"RIPE NCC",2555392,612,"SK",466.1,0.1
140,5742315,0.02925,622984,"Central African Republic","CAF","CF",140,"Africa","Middle Africa, Sub-Saharan Africa",true,"Central African Republic",622980,9.2175,23.8733,"CMR, TCD, COD, COG, SSD, SDN",117,"AFRINIC",4352,"CF",0.9
246,5545475,0.00085,338424,"Finland","FIN","FI",246,"Europe","Northern Europe",true,"Republic of Finland",303940,18.2453,47.2553,"NOR, SWE, RUS",118,"RIPE NCC",13553856,1471,"FI",2575,0.3
578,5474360,0.00737,323802,"Norway","NOR","NO",578,"Europe","Northern Europe",true,"Kingdom of Norway",364285,15.0277,38.9217,"FIN, SWE, RUS",119,"RIPE NCC",15259312,2201,"NO",3241,0.4,"Includes 2 from APNIC"
430,5418377,0.02182,111369,"Liberia","LBR","LR",430,"Africa","Western Africa, Sub-Saharan Africa",true,"Republic of Liberia",96320,56.2539,145.6976,"GIN, CIV, SLE",120,"AFRINIC",13312,5,"LR",3.4
275,5371230,0.02308,6220,"Palestine","PSE","PS",275,"Asia","Western Asia, The Middle East",true,"State of Palestine",6020,892.2309,2310.878,"ISR, EGY, JOR",121,"RIPE NCC",510720,178,"PS",117.9
422,5353930,-0.02474,10452,"Lebanon","LBN","LB",422,"Asia","Western Asia, The Middle East",true,"Lebanese Republic",10230,523.3558,1355.4916,"ISR, SYR",122,"RIPE NCC",457728,571,"LB",110.6
554,5228100,0.00826,270467,"New Zealand","NZL","NZ",554,"Oceania","Australia and New Zealand",true,"New Zealand",263310,19.8553,51.4252,"",123,"APNIC",6954496,303,"NZ",1606.9,0.2,"Includes 33 from RIPE NCC"
188,5212173,0.00605,51100,"Costa Rica","CRI","CR",188,"North America","Central America, Latin America",true,"Republic of Costa Rica",51060,102.0794,264.3856,"NIC, PAN",124,"LACNIC",1944832,92,"CR",419.5
372,5056935,0.00673,70273,"Ireland","IRL","IE",372,"Europe","Northern Europe",true,"Ireland",68890,73.4059,190.1214,"GBR",125,"RIPE NCC",5963280,1070,"IE",1262.9,0.1
478,4862989,0.02678,1030700,"Mauritania","MRT","MR",478,"Africa","Western Africa, Sub-Saharan Africa",true,"Islamic Republic of Mauritania",1030700,4.7181,12.22,"DZA, MLI, SEN, ESH",126,"AFRINIC",32768,2,"MR",9.8
512,4644384,0.01488,309500,"Oman","OMN","OM",512,"Asia","Western Asia, The Middle East",true,"Sultanate of Oman",309500,15.0061,38.8658,"SAU, ARE, YEM",127,"RIPE NCC",619520,111,"OM",200.5
591,4468087,0.0135,75417,"Panama","PAN","PA",591,"North America","Central America, Latin America",true,"Republic of Panama",74180,60.233,156.0036,"COL, CRI",128,"LACNIC",1573376,154,"PA",448.3,"Includes 90 from RIPE NCC and 2 from APNIC"
414,4310108,0.00966,17818,"Kuwait","KWT","KW",414,"Asia","Western Asia, The Middle East",true,"State of Kuwait",17820,241.8691,626.4411,"IRQ, SAU",129,"RIPE NCC",1885184,204,"KW",712.4
191,4008617,-0.00539,56594,"Croatia","HRV","HR",191,"Europe","Southern Europe",true,"Republic of Croatia",55960,71.6336,185.5311,"BIH, HUN, MNE, SRB, SVN",130,"RIPE NCC",2042432,328,"HR",455.9
232,3748901,0.01761,117600,"Eritrea","ERI","ER",232,"Africa","Eastern Africa, Sub-Saharan Africa",true,"State of Eritrea",121040.8,30.9722,80.218,"DJI, ETH, SDN",131,"AFRINIC",4096,"ER",0.7
268,3728282,-0.0043,69700,"Georgia","GEO","GE",268,"Asia","Western Asia",true,"Georgia",69490,53.6521,138.9588,"ARM, AZE, RUS, TUR",132,"RIPE NCC",1014784,310,"GE",222
496,3447157,0.01436,1564110,"Mongolia","MNG","MN",496,"Asia","Eastern Asia",true,"Mongolia",1557506.8,2.2133,5.7323,"CHN, RUS",133,"APNIC",201984,19,"MN",63.5
498,3435931,0.04978,33846,"Moldova","MDA","MD",498,"Europe","Eastern Europe",true,"Republic of Moldova",32884.6,104.4845,270.6149,"ROU, UKR",134,"RIPE NCC",733440,1338,"MD",200.6
858,3423108,0.00009,181034,"Uruguay","URY","UY",858,"South America","South America, Latin America",true,"Oriental Republic of Uruguay",175020,19.5584,50.6562,"ARG, BRA",135,"LACNIC",1180416,29,"UY",355.9
630,3260314,0.00243,8870,"Puerto Rico","PRI","PR",630,"North America","Caribbean",false,"Commonwealth of Puerto Rico",8870,367.5664,951.997,"",136,"ARIN",1000704,37,"PR",250.2
70,3210847,-0.00701,51209,"Bosnia and Herzegovina","BIH","BA",70,"Europe","Southern Europe",true,"Bosnia and Herzegovina",51200,62.7119,162.4237,"HRV, MNE, SRB",137,"RIPE NCC",728832,161,"BA",157.7
8,2832439,-0.00348,28748,"Albania","ALB","AL",8,"Europe","Southern Europe",true,"Republic of Albania",27400,103.3737,267.7378,"MNE, GRC, MKD, KOS",138,"RIPE NCC",323840,511,"AL",107.8,"Includes 1 from APNIC"
388,2825544,-0.00065,10991,"Jamaica","JAM","JM",388,"North America","Caribbean",true,"Jamaica",10830,260.8997,675.7303,"",139,"ARIN",202752,261,"JM",70.2
51,2777970,-0.0009,29743,"Armenia","ARM","AM",51,"Asia","Western Asia",true,"Republic of Armenia",28470,97.5753,252.7201,"AZE, GEO, IRN, TUR",140,"RIPE NCC",525088,252,"AM",176.8
270,2773168,0.02483,10689,"Gambia","GMB","GM",270,"Africa","Western Africa, Sub-Saharan Africa",true,"Republic of the Gambia",10120,274.0285,709.7337,"SEN",141,"AFRINIC",21504,4,"GM",11.7
440,2718352,-0.01153,65300,"Lithuania","LTU","LT",440,"Europe","Northern Europe",true,"Republic of Lithuania",62620,43.4103,112.4326,"BLR, LVA, POL, RUS",142,"RIPE NCC",2240256,1782,"LT",635.4,0.1,"Includes 2 from APNIC"
634,2716391,0.00789,11586,"Qatar","QAT","QA",634,"Asia","Western Asia, The Middle East",true,"State of Qatar",11490,236.4135,612.3109,"SAU",143,"RIPE NCC",808960,79,"QA",414.5
72,2675352,0.01713,582000,"Botswana","BWA","BW",72,"Africa","Southern Africa, Sub-Saharan Africa",true,"Republic of Botswana",566730,4.7207,12.2266,"NAM, ZAF, ZMB, ZWE",144,"AFRINIC",100096,13,"BW",47.7
516,2604172,0.01448,825615,"Namibia","NAM","NA",516,"Africa","Southern Africa, Sub-Saharan Africa",true,"Republic of Namibia",823290,3.1631,8.1925,"AGO, BWA, ZAF, ZMB",145,"AFRINIC",199168,3,"NA",92
266,2436566,0.01991,267668,"Gabon","GAB","GA",266,"Africa","Middle Africa, Sub-Saharan Africa",true,"Gabonese Republic",257670,9.4561,24.4914,"CMR, COG, GNQ",146,"AFRINIC",169472,8,"GA",105.4
426,2330318,0.01062,30355,"Lesotho","LSO","LS",426,"Africa","Southern Africa, Sub-Saharan Africa",true,"Kingdom of Lesotho",30360,76.7562,198.7985,"ZAF",147,"AFRINIC",40448,5,"LS",21
624,2150842,0.0215,36125,"Guinea-Bissau","GNB","GW",624,"Africa","Western Africa, Sub-Saharan Africa",true,"Republic of Guinea-Bissau",28120,76.488,198.1039,"GIN, SEN",148,"AFRINIC",5120,2,"GW",3.1
705,2119675,-0.00008,20273,"Slovenia","SVN","SI",705,"Europe","Southern Europe",true,"Republic of Slovenia",20136.4,105.2658,272.6385,"AUT, HRV, ITA, HUN",149,"RIPE NCC",2525056,447,"SI",1264.7,0.1,"Includes 1 from APNIC"
807,2085679,-0.00378,25713,"North Macedonia","MKD","MK",807,"Europe","Southern Europe",true,"Republic of North Macedonia",25220,82.6994,214.1915,"ALB, BGR, GRC, KOS, SRB",150,"RIPE NCC",657664,208,"MK",315.8
428,1830211,-0.01105,64559,"Latvia","LVA","LV",428,"Europe","Northern Europe",true,"Republic of Latvia",62230,29.4104,76.173,"BLR, EST, LTU, RUS",151,"RIPE NCC",1659328,288,"LV",757.1
226,1714671,0.02374,28051,"Equatorial Guinea","GNQ","GQ",226,"Africa","Middle Africa, Sub-Saharan Africa",true,"Republic of Equatorial Guinea",28050,61.1291,158.3243,"CMR, GAB",152,"AFRINIC",3072,3,"GQ",4.5
780,1534937,0.00254,5130,"Trinidad and Tobago","TTO","TT",780,"North America","Caribbean",true,"Republic of Trinidad and Tobago",5130,299.208,774.9487,"",153,"LACNIC",470016,29,"TT",383.3
48,1485509,0.00902,765,"Bahrain","BHR","BH",48,"Asia","Western Asia, The Middle East",true,"Kingdom of Bahrain",785,1892.3682,4901.2335,"",154,"RIPE NCC",465920,71,"BH",373.2
626,1360596,0.01439,14874,"Timor-Leste","TLS","TL",626,"Asia","South-Eastern Asia",true,"Democratic Republic of Timor-Leste",14870,91.4994,236.9834,"IDN",155,"APNIC",4096,5,"TL",3.4
233,1322765,-0.00249,45227,"Estonia","EST","EE",233,"Europe","Northern Europe",true,"Republic of Estonia",42750,30.9419,80.1394,"LVA, RUS",156,"RIPE NCC",1205560,939,"EE",945.8
480,1300557,0.00084,2040,"Mauritius","MUS","MU",480,"Africa","Eastern Africa, Sub-Saharan Africa",true,"Republic of Mauritius",2030,640.6685,1659.3313,"",157,"AFRINIC",496640,21,"MU",378.2
196,1260138,0.00691,9251,"Cyprus","CYP","CY",196,"Europe","Eastern Europe, The Middle East",true,"Republic of Cyprus",9240,136.3786,353.2205,"GBR",158,"RIPE NCC",1136896,719,"CY",999
748,1210822,0.00762,17364,"Eswatini","SWZ","SZ",748,"Africa","Southern Africa, Sub-Saharan Africa",true,"Kingdom of Eswatini",17200,70.3966,182.3273,"MOZ, ZAF",159,"AFRINIC",34560,3,"SZ",24.9
262,1136455,0.01392,23200,"Djibouti","DJI","DJ",262,"Africa","Eastern Africa, Sub-Saharan Africa",true,"Republic of Djibouti",23180,49.0274,126.981,"ERI, ETH, SOM",160,"AFRINIC",12288,1,"DJ",15.9
242,936375,0.00711,18272,"Fiji","FJI","FJ",242,"Oceania","Melanesia",true,"Republic of Fiji",18270,51.2521,132.7428,"",162,"APNIC",134656,10,"FJ",151.3
174,852075,0.01829,1862,"Comoros","COM","KM",174,"Africa","Eastern Africa, Sub-Saharan Africa",true,"Union of the Comoros",1861,457.8587,1185.854,"",163,"AFRINIC",4096,2,"KM",5.6
328,813834,0.00632,214969,"Guyana","GUY","GY",328,"South America","South America, Latin America",true,"Co-operative Republic of Guyana",196850,4.1343,10.7078,"BRA, SUR, VEN",164,"LACNIC",38912,7,"GY",52.5
64,787424,0.00635,38394,"Bhutan","BTN","BT",64,"Asia","Southern Asia, South Central Asia",true,"Kingdom of Bhutan",38140,20.6456,53.4722,"CHN, IND",165,"APNIC",23552,11,"BT",32.9
90,740424,0.0223,28896,"Solomon Islands","SLB","SB",90,"Oceania","Melanesia",true,"Solomon Islands",27990,26.4532,68.5137,"",166,"APNIC",9728,4,"SB",16.6
446,704149,0.01292,32.9,"Macau","MAC","MO",446,"Asia","Eastern Asia",false,"Macao Special Administrative Region of the People's Republic of China",32.9,21402.7052,55433.0064,"CHN",167,"APNIC",324864,8,"MO",562
442,654768,0.01107,2586,"Luxembourg","LUX","LU",442,"Europe","Western Europe",true,"Grand Duchy of Luxembourg",2574.5,254.3282,658.7101,"BEL, FRA, DEU",168,"RIPE NCC",1299456,433,"LU",2552.6
499,626485,-0.00095,13812,"Montenegro","MNE","ME",499,"Europe","Southern Europe",true,"Montenegro",13450,46.5788,120.6391,"ALB, BIH, HRV, KOS, SRB",169,"RIPE NCC",171520,72,"ME",260.9
740,623236,0.00841,163820,"Suriname","SUR","SR",740,"South America","South America, Latin America",true,"Republic of Suriname",156000,3.9951,10.3473,"BRA, GUF, GUY",170,"LACNIC",44032,4,"SR",78.6
132,598682,0.00933,4033,"Cape Verde","CPV","CV",132,"Africa","Western Africa, Sub-Saharan Africa",true,"Republic of Cabo Verde",4033,148.4458,384.4747,"",171,"AFRINIC",17408,3,"CV",33.3
470,535064,0.00333,316,"Malta","MLT","MT",470,"Europe","Southern Europe",true,"Republic of Malta",320,1672.075,4330.6743,"",173,"RIPE NCC",556544,138,"MT",1358
462,521020.99999999994,-0.00528,300,"Maldives","MDV","MV",462,"Asia","Southern Asia, South Central Asia",true,"Republic of the Maldives",300,1736.7367,4498.148,"",174,"APNIC",53760,4,"MV",136.3
96,452524,0.00784,5765,"Brunei","BRN","BN",96,"Asia","South-Eastern Asia",true,"Nation of Brunei, Abode of Peace",5270,85.8679,222.3979,"MYS",175,"APNIC",192512,5,"BN",470.9
44,412623,0.00644,13943,"Bahamas","BHS","BS",44,"North America","Caribbean",true,"Commonwealth of the Bahamas",10010,41.2211,106.7626,"",176,"ARIN",121856,3,"BS",385.4
84,410825,0.0137,22966,"Belize","BLZ","BZ",84,"North America","Central America, Latin America",true,"Belize",22810,18.0107,46.6478,"GTM, MEX",177,"RIPE NCC",61952,107,"BZ",189,"Includes 28 from LACNIC"
312,395839,0.00022,1628,"Guadeloupe","GLP","GP",312,"North America","Caribbean, Latin America",false,"Guadeloupe",1628,243.1443,629.7439,"",178,"RIPE NCC",4096,12,"GP","Includes 4 from ARIN"
352,375318,0.00649,103000,"Iceland","ISL","IS",352,"Europe","Northern Europe",true,"Iceland",100830,3.7223,9.6407,"",179,"RIPE NCC",814592,255,"IS",2601
474,366981,-0.00143,1128,"Martinique","MTQ","MQ",474,"North America","Caribbean, Latin America",false,"Martinique",1128,325.3378,842.6248,"",180,"RIPE NCC",18,"MQ"
548,334506,0.02377,12189,"Vanuatu","VUT","VU",548,"Oceania","Melanesia",true,"Republic of Vanuatu",12190,27.441,71.0722,"",182,"APNIC",10752,13,"VU",47.3,"Includes 8 from RIPE NCC"
254,312155,0.02495,83534,"French Guiana","GUF","GF",254,"South America","South America, Latin America",false,"Guiana",83534,3.7369,9.6785,"BRA, SUR",183,"LACNIC",2048,6,"GF"
258,308872,0.00847,4167,"French Polynesia","PYF","PF",258,"Oceania","Polynesia",false,"French Polynesia",3471,88.9865,230.4749,"",184,"APNIC",41472,5,"PF",151.1
540,292991,0.01049,18575,"New Caledonia","NCL","NC",540,"Oceania","Melanesia",false,"New Caledonia",18280,16.028,41.5124,"",185,"APNIC",150528,10,"NC",578.6
52,281995,0.00128,430,"Barbados","BRB","BB",52,"North America","Caribbean",true,"Barbados",430,655.8023,1698.528,"",186,"ARIN",140032,17,"BB",486.7
678,231856,0.01969,964,"Sao Tome and Principe","STP","ST",678,"Africa","Middle Africa, Sub-Saharan Africa",true,"Democratic Republic of São Tomé and Príncipe",960,241.5167,625.5282,"",187,"AFRINIC",8448,1,"ST",46.1
882,225681,0.01484,2842,"Samoa","WSM","WS",882,"Oceania","Polynesia",true,"Independent State of Samoa",2780,81.1802,210.2568,"",188,"APNIC",16640,3,"WS",85.6
531,192077,0.00478,444,"Curacao","CUW","CW",531,"North America","Caribbean",false,"Country of Curaçao",444,432.6059,1120.4492,"",189,"RIPE NCC",36,"CW","Includes 12 from LACNIC"
662,180251,0.00219,616,"Saint Lucia","LCA","LC",662,"North America","Caribbean",true,"Saint Lucia",610,295.4934,765.328,"",190,"ARIN",256,19,"LC",1.6
316,172952,0.00686,549,"Guam","GUM","GU",316,"Oceania","Micronesia",false,"Guam",540,320.2815,829.529,"",191,"ARIN",213504,1,"GU",1149.9,"Includes 7 from APNIC"
296,133515,0.0174,811,"Kiribati","KIR","KI",296,"Oceania","Micronesia",true,"Independent and Sovereign Republic of Kiribati",810,164.8333,426.9183,"",192,"APNIC",3072,2,"KI",30.1
308,126183,0.00594,344,"Grenada","GRD","GD",308,"North America","Caribbean",true,"Grenada",340,371.1265,961.2176,"",193,"ARIN",8448,18,"GD",77.5
583,115224,0.00929,702,"Micronesia","FSM","FM",583,"Oceania","Micronesia",true,"Federated States of Micronesia",700,164.6057,426.3288,"",194,"APNIC",6144,2,"FM",57.7
832,111802,0.00924,116,"Jersey","JEY","JE",832,"Europe","Northern Europe, Sub-Saharan Africa",false,"Bailiwick of Jersey",120,931.6833,2413.0598,"",195,"RIPE NCC",6144,52,"JE",64.7
776,107773,0.00856,747,"Tonga","TON","TO",776,"Oceania","Polynesia",true,"Kingdom of Tonga",720,149.6847,387.6834,"",196,"APNIC",6144,4,"TO",57.9
690,107660,0.00506,452,"Seychelles","SYC","SC",690,"Africa","Eastern Africa, Sub-Saharan Africa",true,"Republic of Seychelles",460,234.0435,606.1726,"",197,"AFRINIC",36352,1591,"SC",403.8,"Includes 1574 from RIPE NCC and 2 from APNIC"
533,106277,-0.00158,180,"Aruba","ABW","AW",533,"North America","Caribbean",false,"Aruba",180,590.4278,1529.2079,"",198,"LACNIC",38912,2,"AW",361.5
670,103698,-0.00241,389,"Saint Vincent and the Grenadines","VCT","VC",670,"North America","Caribbean",true,"Saint Vincent and the Grenadines",390,265.8923,688.6611,"",199,"ARIN",17408,16,"VC",168.1,"Includes 1 from RIPE NCC"
850,98750,-0.00719,347,"United States Virgin Islands","VIR","VI",850,"North America","Caribbean",false,"Virgin Islands of the United States",347,284.5821,737.0677,"",200,"ARIN",87040,5,"VI",794.4
28,94298,0.00571,442,"Antigua and Barbuda","ATG","AG",28,"North America","Caribbean",true,"Antigua and Barbuda",440,214.3136,555.0723,"",201,"RIPE NCC",57344,11,"AG",644.2,"Includes 1 from ARIN"
833,84710,0.00226,572,"Isle of Man","IMN","IM",833,"Europe","Northern Europe",false,"Isle of Man",570,148.614,384.9104,"",202,"RIPE NCC",4608,76,"IM",53.9
20,80088,0.00331,468,"Andorra","AND","AD",20,"Europe","Southern Europe",true,"Principality of Andorra",470,170.4,441.336,"FRA, ESP",203,"RIPE NCC",32768,2,"AD",385.1
212,73040,0.00417,751,"Dominica","DMA","DM",212,"North America","Caribbean",true,"Commonwealth of Dominica",750,97.3867,252.2315,"",204,"RIPE NCC",1024,10,"DM",14,"Includes 2.06 from ARIN"
136,69310,0.00879,264,"Cayman Islands","CYM","KY",136,"North America","Caribbean",false,"Cayman Islands",240,288.7917,747.9704,"",205,"ARIN",35840,4,"KY",681.9
60,64069,-0.00179,54,"Bermuda","BMU","BM",60,"North America","Northern America",false,"Bermuda",54,1186.463,3072.9391,"",206,"ARIN",91648,9,"BM",1326.7,"Includes 1 from RIPE NCC"
831,63544,0.00384,78,"Guernsey","GGY","GG",831,"Europe","Northern Europe",false,"Bailiwick of Guernsey",63,1008.6349,2612.3644,"",207,"RIPE NCC",2048,26,"GG",31.3
304,56643,0.00314,2166086,"Greenland","GRL","GL",304,"North America","Northern America",false,"Greenland",410450,0.138,0.3574,"",208,"RIPE NCC",16384,10,"GL",284
234,53270,0.00339,1393,"Faroe Islands","FRO","FO",234,"Europe","Northern Europe",false,"Faroe Islands",1366,38.9971,101.0024,"",209,"RIPE NCC",39936,25,"FO",807.1
580,49796,0.00494,464,"Northern Mariana Islands","MNP","MP",580,"Oceania","Micronesia",false,"Commonwealth of the Northern Mariana Islands",460,108.2522,280.3731,"",210,"APNIC",13312,1,"MP",298.6
659,47755,0.00206,261,"Saint Kitts and Nevis","KNA","KN",659,"North America","Caribbean",true,"Federation of Saint Christopher and Nevisa",260,183.6731,475.7133,"",211,"ARIN",62464,"KN",1231.4
796,46062,0.00786,948,"Turks and Caicos Islands","TCA","TC",796,"North America","Caribbean",false,"Turks and Caicos Islands",948,48.5886,125.8445,"",212,"ARIN",8192,"TC",176.8
534,44222,0.00106,34,"Sint Maarten","SXM","SX",534,"North America","Caribbean",false,"Sint Maarten",34,1300.6471,3368.6759,"MAF",213,"LACNIC",6,"SX"
16,43914,-0.00811,199,"American Samoa","ASM","AS",16,"Oceania","Polynesia",false,"American Samoa",200,219.57,568.6863,"",214,"APNIC",4096,2,"AS",60.2
584,41996,0.01027,181,"Marshall Islands","MHL","MH",584,"Oceania","Micronesia",true,"Republic of the Marshall Islands",180,233.3111,604.2758,"",215,"APNIC",2048,9,"MH",29.9,"Includes 8 from RIPE NCC"
438,39584,0.00654,160,"Liechtenstein","LIE","LI",438,"Europe","Western Europe",true,"Principality of Liechtenstein",160,247.4,640.766,"AUT, CHE",216,"RIPE NCC",69408,67,"LI",1890.6
492,36297,-0.00472,2.02,"Monaco","MCO","MC",492,"Europe","Western Europe",true,"Principality of Monaco",2,18148.5,47004.615,"FRA",217,"RIPE NCC",57856,26,"MC",1896.3
674,33642,-0.00054,61,"San Marino","SMR","SM",674,"Europe","Southern Europe",true,"Most Serene Republic of San Marino",60,560.7,1452.213,"ITA",218,"RIPE NCC",26880,28,"SM",836.3
292,32688.000000000004,0.0012,6.8,"Gibraltar","GIB","GI",292,"Europe","Southern Europe",false,"Gibraltar",6.8,4807.0588,12450.2824,"ESP",219,"RIPE NCC",62976,80,"GI",2169,"Includes 1 from APNIC"
663,32077,0.009,53,"Saint Martin","MAF","MF",663,"North America","Caribbean, Latin America",false,"Saint Martin",50,641.54,1661.5886,"SXM",220,"ARIN",7168,1,"MF",231.5
92,31538,0.00744,151,"British Virgin Islands","VGB","VG",92,"North America","Caribbean",false,"Virgin Islands",150,210.2533,544.5561,"",221,"RIPE NCC",14336,95,"VG",460.3,"Includes 2.13 from ARIN and 1 from APNIC"
585,18058,0.00017,459,"Palau","PLW","PW",585,"Oceania","Micronesia",true,"Republic of Palau",460,39.2565,101.6744,"",222,"APNIC",4096,1,"PW",194.8
184,17044,0.00194,240,"Cook Islands","COK","CK",184,"Oceania","Polynesia",false,"Cook Islands",240,71.0167,183.9332,"",223,"APNIC",8192,2,"CK",760.1
660,15899,0.00265,91,"Anguilla","AIA","AI",660,"North America","Caribbean",false,"Anguilla",91,174.7143,452.51,"",224,"ARIN",4096,1,"AI",265.6
520,12780,0.00884,21,"Nauru","NRU","NR",520,"Oceania","Micronesia",true,"Republic of Nauru",20,639,1655.01,"",225,"APNIC",8192,2,"NR",873.5
876,11502,-0.00605,274,"Wallis and Futuna","WLF","WF",876,"Oceania","Polynesia",false,"Territory of the Wallis and Futuna Islands",274,41.9781,108.7233,"",226,"APNIC",3072,1,"WF",198.8
798,11396,0.00743,26,"Tuvalu","TUV","TV",798,"Oceania","Polynesia",true,"Tuvalu",30,379.8667,983.8547,"",227,"APNIC",8192,1,"TV",771.5
666,5840,-0.00375,242,"Saint Pierre and Miquelon","SPM","PM",666,"North America","Northern America",false,"Saint Pierre and Miquelon",242,24.1322,62.5025,"",229,"ARIN",4096,1,"PM",702.5
500,4386,-0.00091,102,"Montserrat","MSR","MS",500,"North America","Caribbean",false,"Montserrat",102,43,111.37,"",230,"RIPE NCC",1280,"MS",247.9
570,1935,0.00052,261,"Niue","NIU","NU",570,"Oceania","Polynesia",false,"Niue",261,7.4138,19.2017,"",232,"APNIC",2048,"NU",1613.9
772,1893,0.01176,12,"Tokelau","TKL","TK",772,"Oceania","Polynesia",false,"Tokelau",10,189.3,490.287,"",233,"APNIC",2048,1,"TK",1497.1
336,518,0.01569,0.44,"Vatican City","VAT","VA",336,"Europe","Southern Europe",true,"Vatican City State",0.44,1177.2727,3049.1364,"ITA",234,"RIPE NCC",17920,17,"VA",21435.4